PATIENT_ID,PSMC1,BRCA1,MCM2,BRCA2
TCGA.3C.AAAU.01,0.0535756,0.90068729,0.04495791,0.93908664
TCGA.3C.AALI.01,0.04160932,0.88262583,0.08512571,0.93429147
TCGA.3C.AALJ.01,0.03989198,0.85268418,0.15352699,0.94853074
TCGA.3C.AALK.01,0.03599436,0.85382056,0.24141458,0.92873924
TCGA.4H.AAAK.01,0.04148596,0.88735764,0.1547256,0.93546578
TCGA.5L.AAT0.01,0.03792542,0.86849501,0.09933042,0.86167434
TCGA.5T.A9QA.01,0.03632351,0.90918907,0.33630942,0.94699816
TCGA.A1.A0SB.01,0.02509139,0.91203648,0.07952582,0.12790371
TCGA.A1.A0SD.01,0.02271118,0.92658381,0.07480995,0.84770687
TCGA.A1.A0SE.01,0.0311445,0.92985266,0.09892616,0.92123716
TCGA.A1.A0SF.01,0.02272837,0.93570771,0.05348396,0.8711021
TCGA.A1.A0SG.01,0.03415505,0.93891376,0.08647489,0.85597789
TCGA.A1.A0SH.01,0.02983359,0.93990686,0.22568748,0.90318162
TCGA.A1.A0SI.01,0.03031437,0.91654579,0.04621669,0.88396509
TCGA.A1.A0SJ.01,0.02943407,0.90287087,0.03900491,0.9241252
TCGA.A1.A0SK.01,0.03344995,0.92155689,0.50781005,0.94116773
TCGA.A1.A0SM.01,0.03346098,0.92173404,0.04191316,0.89392573
TCGA.A1.A0SN.01,0.02264968,0.92707615,0.04030901,0.89214461
TCGA.A1.A0SO.01,0.04995066,0.92393046,0.05934353,0.81947564
TCGA.A1.A0SP.01,0.03115035,0.90248854,0.14768451,0.47993607
TCGA.A1.A0SQ.01,0.02799378,0.93705746,0.0295753,0.95384601
TCGA.A2.A04N.01,0.02032047,0.89957582,0.03888766,0.80454934
TCGA.A2.A04P.01,0.01661674,0.85866208,0.0459047,0.55168765
TCGA.A2.A04Q.01,0.02210412,0.94468078,0.04866572,0.71758677
TCGA.A2.A04R.01,0.04252212,0.91128267,0.34106069,0.95246896
TCGA.A2.A04T.01,0.0295279,0.89638081,0.05084061,0.76085963
TCGA.A2.A04U.01,0.01595581,0.94030651,0.40231094,0.18418242
TCGA.A2.A04V.01,0.0288066,0.94568864,0.13451417,0.94213763
TCGA.A2.A04W.01,0.03078573,0.86242637,0.12931024,0.74801865
TCGA.A2.A04X.01,0.02241904,0.9400867,0.04929033,0.80968006
TCGA.A2.A04Y.01,0.02286746,0.94490414,0.06344551,0.84278151
TCGA.A2.A0CK.01,0.02854479,0.93004632,0.21226502,0.92172116
TCGA.A2.A0CL.01,0.02069152,0.92616471,0.03754696,0.74361575
TCGA.A2.A0CM.01,0.01956446,0.93738174,0.08723603,0.82228216
TCGA.A2.A0CO.01,0.03714577,0.92298604,0.04960512,0.88352911
TCGA.A2.A0CP.01,0.02065458,0.9418374,0.10318816,0.87970473
TCGA.A2.A0CQ.01,0.02365782,0.9163772,0.05387653,0.88712048
TCGA.A2.A0CR.01,0.02633701,0.92221256,0.04614607,0.85702778
TCGA.A2.A0CS.01,0.02279073,0.90801317,0.06338164,0.79052193
TCGA.A2.A0CT.01,0.03164828,0.93053707,0.04414035,0.96237493
TCGA.A2.A0CU.01,0.03205169,0.95799629,0.0665426,0.9097049
TCGA.A2.A0CV.01,0.02340319,0.92030101,0.05763682,0.88442789
TCGA.A2.A0CW.01,0.03043055,0.88763902,0.03887286,0.83191859
TCGA.A2.A0CX.01,0.02526104,0.91433818,0.17113429,0.83835687
TCGA.A2.A0CZ.01,0.02019698,0.94735767,0.09726955,0.86073306
TCGA.A2.A0D0.01,0.02240272,0.89720818,0.04368327,0.45957377
TCGA.A2.A0D1.01,0.02136088,0.90467534,0.13012708,0.9247869
TCGA.A2.A0D2.01,0.02708816,0.94756996,0.04260304,0.48855261
TCGA.A2.A0D3.01,0.02886668,0.90579912,0.04386546,0.92572422
TCGA.A2.A0D4.01,0.02942762,0.94023504,0.1379724,0.9009031
TCGA.A2.A0EM.01,0.02212121,0.94020503,0.07891867,0.91129941
TCGA.A2.A0EN.01,0.02660475,0.91511676,0.03192062,0.87370636
TCGA.A2.A0EO.01,0.0287504,0.94171185,0.08118889,0.91130765
TCGA.A2.A0EP.01,0.03010726,0.91552719,0.04392063,0.85758
TCGA.A2.A0EQ.01,0.0184385,0.94255769,0.10412527,0.82496519
TCGA.A2.A0ER.01,0.02649179,0.94563257,0.33026327,0.93656822
TCGA.A2.A0ES.01,0.01858144,0.92450876,0.19367216,0.93236845
TCGA.A2.A0ET.01,0.02227362,0.96048738,0.10747793,0.93206547
TCGA.A2.A0EU.01,0.04881467,0.94623111,0.0261547,0.95850226
TCGA.A2.A0EV.01,0.02754019,0.94749662,0.04903014,0.86638125
TCGA.A2.A0EW.01,0.02139617,0.91245231,0.28072809,0.91667448
TCGA.A2.A0EX.01,0.02926496,0.94488147,0.15194833,0.89924308
TCGA.A2.A0EY.01,0.02442313,0.93072135,0.05620334,0.89161838
TCGA.A2.A0ST.01,0.02685956,0.92036314,0.02495038,0.8233867
TCGA.A2.A0SU.01,0.02790692,0.92361033,0.04423563,0.94850831
TCGA.A2.A0SV.01,0.02507106,0.92244912,0.02440459,0.89046464
TCGA.A2.A0SW.01,0.03028108,0.89758394,0.04039693,0.89021571
TCGA.A2.A0SX.01,0.03200053,0.93505758,0.02620753,0.68463725
TCGA.A2.A0SY.01,0.03262037,0.89966988,0.11776466,0.93411846
TCGA.A2.A0T0.01,0.03633551,0.91207973,0.02991849,0.89864977
TCGA.A2.A0T1.01,0.03766216,0.8673307,0.02871534,0.8818551
TCGA.A2.A0T2.01,0.03481668,0.89931454,0.04240718,0.35360067
TCGA.A2.A0T3.01,0.03281114,0.89538847,0.06440401,0.92643868
TCGA.A2.A0T4.01,0.03172121,0.88793576,0.03412784,0.91351822
TCGA.A2.A0T5.01,0.02707715,0.90726266,0.05008006,0.93046624
TCGA.A2.A0T6.01,0.03080033,0.92386055,0.04647196,0.88517163
TCGA.A2.A0T7.01,0.04006439,0.90713331,0.0828571,0.90346488
TCGA.A2.A0YC.01,0.03893552,0.91927832,0.4174573,0.92519276
TCGA.A2.A0YD.01,0.03613764,0.91474764,0.04788403,0.92057797
TCGA.A2.A0YE.01,0.03946154,0.8960238,0.02065764,0.38743325
TCGA.A2.A0YF.01,0.04110919,0.91249811,0.03598828,0.93488118
TCGA.A2.A0YG.01,0.03023453,0.89559868,0.03001448,0.93228397
TCGA.A2.A0YH.01,0.03028862,0.91233944,0.03774485,0.8779295
TCGA.A2.A0YI.01,0.03706822,0.91908614,0.04032267,0.86000689
TCGA.A2.A0YJ.01,0.03053057,0.8872254,0.024152,0.30984358
TCGA.A2.A0YK.01,0.03251002,0.8768779,0.03773127,0.89942251
TCGA.A2.A0YL.01,0.03254874,0.90049738,0.08390494,0.89322239
TCGA.A2.A0YM.01,0.03597291,0.89470648,0.03538286,0.63669273
TCGA.A2.A0YT.01,0.04048196,0.90770995,0.03868484,0.94197351
TCGA.A2.A1FV.01,0.03444719,0.92359651,0.51658533,0.95066363
TCGA.A2.A1FW.01,0.02916197,0.84970624,0.23976621,0.88882667
TCGA.A2.A1FX.01,0.03030225,0.91673021,0.03016396,0.91083561
TCGA.A2.A1FZ.01,0.03323409,0.92198974,0.12127518,0.88298171
TCGA.A2.A1G0.01,0.02979079,0.93011795,0.05751439,0.88675132
TCGA.A2.A1G1.01,0.02487418,0.89088042,0.05133823,0.50099047
TCGA.A2.A1G4.01,0.03832519,0.86549097,0.20627624,0.93722673
TCGA.A2.A1G6.01,0.03094899,0.92962913,0.12013562,0.86890921
TCGA.A2.A259.01,0.0318174,0.91797954,0.06059144,0.93223532
TCGA.A2.A25A.01,0.03259654,0.91492292,0.12224789,0.9105292
TCGA.A2.A25B.01,0.03076922,0.87744707,0.2300087,0.92873181
TCGA.A2.A25C.01,0.03540304,0.95279249,0.04300368,0.9023862
TCGA.A2.A25D.01,0.0285871,0.94164097,0.09057852,0.91383116
TCGA.A2.A25E.01,0.0292565,0.94604727,0.07853359,0.93044032
TCGA.A2.A25F.01,0.02545609,0.92540686,0.02888575,0.77355309
TCGA.A2.A3KC.01,0.04286854,0.91074498,0.0767771,0.84331749
TCGA.A2.A3KD.01,0.02413552,0.90155473,0.04635507,0.91094662
TCGA.A2.A3XS.01,0.02874922,0.93567907,0.06173946,0.93048468
TCGA.A2.A3XT.01,0.0328993,0.90807568,0.0500659,0.87267101
TCGA.A2.A3XU.01,0.03836575,0.92997929,0.03770176,0.68826161
TCGA.A2.A3XV.01,0.02248525,0.91394151,0.09570776,0.90591478
TCGA.A2.A3XW.01,0.03247198,0.92010388,0.09003684,0.90240224
TCGA.A2.A3XX.01,0.02632599,0.91228076,0.0379612,0.52135423
TCGA.A2.A3XY.01,0.02709795,0.90698127,0.04041535,0.59275998
TCGA.A2.A3XZ.01,0.02898942,0.92244542,0.05165075,0.7821218
TCGA.A2.A3Y0.01,0.0292727,0.92008777,0.03981371,0.62196842
TCGA.A2.A4RW.01,0.03630835,0.92444585,0.1262526,0.9272156
TCGA.A2.A4RX.01,0.03265393,0.90639818,0.06822672,0.89352672
TCGA.A2.A4RY.01,0.03314927,0.90443901,0.28375701,0.87984753
TCGA.A2.A4S0.01,0.03067073,0.91466583,0.04100038,0.93397148
TCGA.A2.A4S1.01,0.04193108,0.90585693,0.04892242,0.64868705
TCGA.A2.A4S2.01,0.04013546,0.88900894,0.06852521,0.8856866
TCGA.A2.A4S3.01,0.03975266,0.92661395,0.06218653,0.91512934
TCGA.A7.A0CD.01,0.0297765,0.94013948,0.04436855,0.92129293
TCGA.A7.A0CE.01,0.02583481,0.93399608,0.11031324,0.67235428
TCGA.A7.A0CG.01,0.02343279,0.91834932,0.10343956,0.80744623
TCGA.A7.A0CH.01,0.02251038,0.92068478,0.05209048,0.91102815
TCGA.A7.A0CJ.01,0.0244068,0.90625021,0.07341864,0.90936567
TCGA.A7.A0D9.01,0.03195597,0.93140364,0.08525383,0.94577863
TCGA.A7.A0DA.01,0.03429981,0.89630905,0.04698387,0.898426
TCGA.A7.A0DB.01,0.02542756,0.92392443,0.05738449,0.88111106
TCGA.A7.A0DC.01,0.02752558,0.94734939,0.0610165,0.94976274
TCGA.A7.A13D.01,0.03576599,0.89687318,0.02964702,0.53364998
TCGA.A7.A13E.01,0.02519795,0.93035855,0.02831496,0.91913596
TCGA.A7.A13F.01,0.03015557,0.9382436,0.03436308,0.93279471
TCGA.A7.A13G.01,0.03378407,0.92590289,0.03284272,0.91566439
TCGA.A7.A13H.01,0.03069724,0.92848395,0.15738366,0.87394039
TCGA.A7.A26E.01,0.0284055,0.91552068,0.18474585,0.8697347
TCGA.A7.A26F.01,0.02986444,0.93038583,0.04867571,0.84081014
TCGA.A7.A26G.01,0.03627848,0.93859782,0.03815709,0.82103989
TCGA.A7.A26H.01,0.02416139,0.9373764,0.04385005,0.92674387
TCGA.A7.A26I.01,0.0337857,0.91834833,0.03643613,0.48013731
TCGA.A7.A26J.01,0.0317529,0.91864171,0.07237616,0.90952954
TCGA.A7.A2KD.01,0.03374908,0.94341182,0.03999529,0.89490367
TCGA.A7.A3IY.01,0.0509209,0.92511523,0.05145653,0.80160583
TCGA.A7.A3IZ.01,0.03392915,0.92579209,0.06280221,0.93187163
TCGA.A7.A3J0.01,0.03734812,0.92107687,0.03237646,0.88845087
TCGA.A7.A3J1.01,0.03289661,0.91798493,0.04388782,0.90002451
TCGA.A7.A3RF.01,0.02946438,0.93987885,0.02715808,0.93123166
TCGA.A7.A425.01,0.02414798,0.92660367,0.04389625,0.87509949
TCGA.A7.A426.01,0.02663555,0.93247145,0.10269025,0.92281154
TCGA.A7.A4SA.01,0.04140697,0.88702535,0.05414511,0.90463809
TCGA.A7.A4SB.01,0.04686201,0.92651254,0.09312034,0.93865074
TCGA.A7.A4SC.01,0.0347002,0.92120321,0.0671411,0.87777187
TCGA.A7.A4SD.01,0.03652434,0.9290158,0.04409914,0.66160496
TCGA.A7.A4SE.01,0.04018523,0.88868951,0.08993543,0.52653539
TCGA.A7.A4SF.01,0.03113588,0.91158837,0.04007539,0.94382068
TCGA.A7.A5ZV.01,0.03064684,0.91653915,0.0448539,0.82359851
TCGA.A7.A5ZW.01,0.02939539,0.92071923,0.10767646,0.90188774
TCGA.A7.A5ZX.01,0.02866479,0.87333531,0.13458485,0.92437453
TCGA.A7.A6VV.01,0.02431904,0.91224388,0.04380353,0.68907743
TCGA.A7.A6VW.01,0.03303205,0.88694319,0.11028956,0.87137288
TCGA.A7.A6VX.01,0.02731996,0.86907254,0.0688248,0.90637937
TCGA.A7.A6VY.01,0.02596475,0.8875134,0.03494491,0.59462322
TCGA.A8.A06N.01,0.02418138,0.94986952,0.07285726,0.94587001
TCGA.A8.A06O.01,0.03208953,0.9517276,0.02954309,0.88323876
TCGA.A8.A06P.01,0.02674769,0.92550481,0.05990758,0.87626201
TCGA.A8.A06Q.01,0.02610467,0.91087721,0.04127641,0.92572654
TCGA.A8.A06R.01,0.03292719,0.91641194,0.02877243,0.91640255
TCGA.A8.A06T.01,0.03377994,0.93101316,0.06058183,0.93465262
TCGA.A8.A06U.01,0.023867,0.93434679,0.04840789,0.92647449
TCGA.A8.A06X.01,0.02963775,0.88449963,0.02266014,0.84461985
TCGA.A8.A06Y.01,0.02048288,0.93171488,0.07403274,0.91439387
TCGA.A8.A06Z.01,0.03149653,0.96104256,0.06183198,0.90238206
TCGA.A8.A075.01,0.02903605,0.88090569,0.02490685,0.88728622
TCGA.A8.A076.01,0.02558764,0.88936062,0.0649934,0.88038868
TCGA.A8.A079.01,0.02515592,0.92871602,0.04280906,0.9008071
TCGA.A8.A07B.01,0.02411328,0.89986742,0.05414467,0.92634597
TCGA.A8.A07C.01,0.02595467,0.93396906,0.04963828,0.24234644
TCGA.A8.A07E.01,0.0208752,0.93118372,0.09871612,0.90540371
TCGA.A8.A07F.01,0.02851078,0.91713491,0.03649667,0.87780552
TCGA.A8.A07G.01,0.02691765,0.94638425,0.06730226,0.85532324
TCGA.A8.A07I.01,0.02452503,0.90337,0.09081814,0.89608322
TCGA.A8.A07J.01,0.02137013,0.94311916,0.21186906,0.81480202
TCGA.A8.A07L.01,0.0221646,0.91316191,0.12206516,0.9181509
TCGA.A8.A07O.01,0.03006274,0.88452477,0.02779367,0.66114883
TCGA.A8.A07P.01,0.02829877,0.92736421,0.37403169,0.85456779
TCGA.A8.A07R.01,0.0187316,0.95989756,0.05692482,0.23110265
TCGA.A8.A07S.01,0.02649966,0.93965583,0.05093293,0.90467852
TCGA.A8.A07U.01,0.02532223,0.93957238,0.03709679,0.77070874
TCGA.A8.A07W.01,0.02986442,0.93574554,0.10993175,0.88898002
TCGA.A8.A07Z.01,0.02607358,0.91819478,0.03171137,0.89003398
TCGA.A8.A081.01,0.02768818,0.9413448,0.16805966,0.91078436
TCGA.A8.A082.01,0.0215337,0.89502666,0.69811905,0.87839643
TCGA.A8.A083.01,0.02315276,0.93312806,0.06149315,0.87094448
TCGA.A8.A085.01,0.02853549,0.94690188,0.0308689,0.9050896
TCGA.A8.A086.01,0.03416639,0.93187307,0.03084584,0.80955709
TCGA.A8.A08A.01,0.02348859,0.93642719,0.05260013,0.86794458
TCGA.A8.A08B.01,0.02341844,0.92003625,0.03331867,0.83733215
TCGA.A8.A08C.01,0.03210534,0.93451128,0.05665566,0.9198875
TCGA.A8.A08G.01,0.02138577,0.94188632,0.04105689,0.89864056
TCGA.A8.A08H.01,0.02184008,0.91276867,0.04475802,0.53433467
TCGA.A8.A08I.01,0.02625139,0.93159384,0.06294674,0.85889695
TCGA.A8.A08J.01,0.02609169,0.91647961,0.10178884,0.87334573
TCGA.A8.A08L.01,0.03595123,0.90599771,0.21748569,0.86725332
TCGA.A8.A08O.01,0.033778,0.93072108,0.08126959,0.89058225
TCGA.A8.A08P.01,0.02506876,0.93976355,0.06270618,0.82027979
TCGA.A8.A08R.01,0.02519434,0.94331079,0.05821517,0.47283342
TCGA.A8.A08T.01,0.02258502,0.92211881,0.03612494,0.93771563
TCGA.A8.A08X.01,0.02305438,0.92106988,0.06338223,0.84751293
TCGA.A8.A08Z.01,0.02316384,0.91963569,0.03686881,0.85797184
TCGA.A8.A090.01,0.02785,0.93514665,0.05798146,0.81036302
TCGA.A8.A091.01,0.02531793,0.90557965,0.67762582,0.94654216
TCGA.A8.A092.01,0.02365893,0.95551431,0.06107766,0.88476951
TCGA.A8.A093.01,0.04190278,0.90059378,0.06174469,0.91659531
TCGA.A8.A094.01,0.02126296,0.90476904,0.15550043,0.84700329
TCGA.A8.A095.01,0.020543,0.93154013,0.06932022,0.83563084
TCGA.A8.A096.01,0.02552758,0.91533868,0.07931808,0.86679569
TCGA.A8.A097.01,0.03914209,0.94468338,0.31233382,0.87524745
TCGA.A8.A099.01,0.03706178,0.94491041,0.05072667,0.94642447
TCGA.A8.A09A.01,0.02373045,0.92643087,0.11027843,0.84689504
TCGA.A8.A09B.01,0.02322133,0.93214908,0.03952164,0.85603263
TCGA.A8.A09C.01,0.02091311,0.89948746,0.04581472,0.93879838
TCGA.A8.A09D.01,0.02346685,0.90722476,0.10286438,0.82149675
TCGA.A8.A09G.01,0.02137898,0.94672823,0.03949926,0.80781671
TCGA.A8.A09I.01,0.0172234,0.92119161,0.06900873,0.86616046
TCGA.A8.A09M.01,0.02605839,0.93446197,0.03954636,0.85242293
TCGA.A8.A09N.01,0.02064466,0.89561467,0.03620741,0.88611012
TCGA.A8.A09Q.01,0.03013267,0.92445427,0.04174629,0.88481788
TCGA.A8.A09R.01,0.0332096,0.94395191,0.19006807,0.82178609
TCGA.A8.A09T.01,0.02090892,0.93688645,0.0454832,0.86562826
TCGA.A8.A09V.01,0.02575814,0.93949952,0.16513915,0.90821082
TCGA.A8.A09W.01,0.02773138,0.89580696,0.03703782,0.89219242
TCGA.A8.A09X.01,0.0262556,0.90895261,0.55056428,0.80043637
TCGA.A8.A09Z.01,0.02279769,0.92845795,0.02662879,0.88937586
TCGA.A8.A0A1.01,0.02528011,0.92762765,0.05579523,0.8585666
TCGA.A8.A0A2.01,0.03420472,0.93781899,0.42338066,0.88537827
TCGA.A8.A0A4.01,0.02723973,0.92716839,0.17640126,0.91683978
TCGA.A8.A0A6.01,0.03575441,0.90498772,0.0430775,0.91415915
TCGA.A8.A0A7.01,0.02724174,0.91018504,0.034786,0.73526408
TCGA.A8.A0A9.01,0.02749211,0.92417671,0.07338047,0.9341634
TCGA.A8.A0AB.01,0.02897274,0.95617856,0.12934694,0.95571976
TCGA.A8.A0AD.01,0.02957909,0.92719139,0.02618212,0.88845242
TCGA.AC.A23C.01,0.03214233,0.8931758,0.0980763,0.89032109
TCGA.AC.A23E.01,0.02670284,0.90901905,0.12492603,0.85063599
TCGA.AC.A23G.01,0.03648048,0.88802812,0.06181533,0.82245599
TCGA.AC.A23H.01,0.1701957,0.8986354,0.2260384,0.9452168
TCGA.AC.A2B8.01,0.05856055,0.87631969,0.03409795,0.88395194
TCGA.AC.A2BK.01,0.03242515,0.91182875,0.16300062,0.94164275
TCGA.AC.A2BM.01,0.03472818,0.91856772,0.05696752,0.87925715
TCGA.AC.A2FB.01,0.02879045,0.93823151,0.0990281,0.86743834
TCGA.AC.A2FE.01,0.02716213,0.9268366,0.2277743,0.8721877
TCGA.AC.A2FF.01,0.04351178,0.94646514,0.06655954,0.92701539
TCGA.AC.A2FG.01,0.03132762,0.91594184,0.07064809,0.95023062
TCGA.AC.A2FK.01,0.03014872,0.93624637,0.16969098,0.88636667
TCGA.AC.A2FM.01,0.02761475,0.93351686,0.15538631,0.93888896
TCGA.AC.A2FO.01,0.02946015,0.93903431,0.06552974,0.87247181
TCGA.AC.A2QH.01,0.03503793,0.90751951,0.07501099,0.89670352
TCGA.AC.A2QI.01,0.02342315,0.9455841,0.03537413,0.87679617
TCGA.AC.A2QJ.01,0.02174417,0.94388801,0.03574856,0.42689138
TCGA.AC.A3BB.01,0.02385969,0.92673508,0.02981484,0.84917376
TCGA.AC.A3EH.01,0.02531271,0.93412825,0.11398649,0.93411154
TCGA.AC.A3HN.01,0.02940145,0.88678711,0.21886915,0.82904739
TCGA.AC.A3OD.01,0.03602957,0.86681825,0.10168027,0.85617705
TCGA.AC.A3QP.01,0.02981552,0.93462172,0.06900157,0.86788098
TCGA.AC.A3QQ.01,0.02811428,0.93362634,0.38331258,0.93090434
TCGA.AC.A3TM.01,0.03124614,0.93089887,0.08906648,0.89013723
TCGA.AC.A3TN.01,0.033474,0.9147626,0.06848591,0.92479136
TCGA.AC.A3W5.01,0.02888797,0.92469173,0.03544522,0.88563741
TCGA.AC.A3W6.01,0.02657445,0.92289344,0.04607269,0.83698943
TCGA.AC.A3W7.01,0.02562075,0.93316491,0.1180938,0.91848773
TCGA.AC.A3YI.01,0.02841038,0.90629083,0.32637251,0.80990112
TCGA.AC.A3YJ.01,0.02595869,0.92126296,0.03370443,0.76967583
TCGA.AC.A4ZE.01,0.03391396,0.88974016,0.08722168,0.95578652
TCGA.AC.A5EH.01,0.02477509,0.91786126,0.07519886,0.83406236
TCGA.AC.A5XS.01,0.02438879,0.94775658,0.06223533,0.86209263
TCGA.AC.A5XU.01,0.02552753,0.92115293,0.05666724,0.93388543
TCGA.AC.A62V.01,0.02815795,0.90804814,0.1574269,0.94021878
TCGA.AC.A62X.01,0.02888641,0.89211012,0.08341584,0.92909156
TCGA.AC.A62Y.01,0.02771295,0.90558491,0.03145626,0.86082418
TCGA.AC.A6IV.01,0.02693843,0.90478045,0.13374889,0.82356035
TCGA.AC.A6IW.01,0.02684543,0.89342818,0.05858098,0.41404085
TCGA.AC.A6IX.01,0.03464903,0.82489346,0.04257868,0.8445961
TCGA.AC.A6NO.01,0.03255016,0.90084874,0.05150481,0.87775809
TCGA.AC.A7VB.01,0.02632005,0.92033752,0.0517612,0.93850211
TCGA.AC.A7VC.01,0.02773672,0.90567789,0.03171447,0.27448274
TCGA.AC.A8OP.01,0.02874242,0.89414457,0.03514149,0.91946259
TCGA.AC.A8OQ.01,0.0309996,0.89041554,0.03193019,0.67084445
TCGA.AC.A8OR.01,0.03487329,0.88679532,0.03909673,0.89608604
TCGA.AC.A8OS.01,0.03367666,0.94173751,0.08628559,0.89104692
TCGA.AN.A03X.01,0.03445365,0.91138894,0.08391017,0.82605361
TCGA.AN.A03Y.01,0.02640694,0.9304905,0.10656,0.91758539
TCGA.AN.A041.01,0.02433255,0.9621093,0.17428616,0.94254418
TCGA.AN.A046.01,0.02412123,0.93876299,0.04582234,0.85023671
TCGA.AN.A049.01,0.02257351,0.91868144,0.04348812,0.89981738
TCGA.AN.A04A.01,0.02548047,0.93125336,0.07581565,0.88200768
TCGA.AN.A04C.01,0.02356912,0.97038885,0.14225488,0.70398962
TCGA.AN.A04D.01,0.03621577,0.93014659,0.05162607,0.75507743
TCGA.AN.A0AJ.01,0.02927603,0.93879316,0.34283004,0.88378358
TCGA.AN.A0AK.01,0.02412323,0.92640184,0.11356881,0.89160449
TCGA.AN.A0AL.01,0.02873321,0.86863068,0.03450699,0.73250949
TCGA.AN.A0AM.01,0.02943661,0.91515029,0.04462407,0.83171801
TCGA.AN.A0AR.01,0.02274893,0.91284981,0.0461016,0.07373291
TCGA.AN.A0AS.01,0.01803706,0.8973884,0.02832557,0.87809602
TCGA.AN.A0AT.01,0.02211304,0.93364039,0.07029878,0.23622115
TCGA.AN.A0FD.01,0.02959558,0.92972936,0.06901173,0.92076582
TCGA.AN.A0FF.01,0.02405439,0.94486891,0.04378923,0.86258095
TCGA.AN.A0FJ.01,0.02606162,0.84219534,0.03688269,0.28818492
TCGA.AN.A0FK.01,0.02078734,0.94266115,0.04209513,0.90943405
TCGA.AN.A0FL.01,0.02017235,0.31252627,0.04480923,0.58987242
TCGA.AN.A0FN.01,0.02018264,0.94192352,0.07544654,0.78916675
TCGA.AN.A0FS.01,0.02279457,0.93262227,0.07199586,0.93175852
TCGA.AN.A0FT.01,0.02783423,0.93335279,0.5929482,0.91673441
TCGA.AN.A0FV.01,0.02367582,0.91020314,0.06267404,0.54169532
TCGA.AN.A0FW.01,0.01850558,0.90535419,0.05736437,0.9275579
TCGA.AN.A0FX.01,0.02900421,0.94240048,0.09149289,0.91147247
TCGA.AN.A0FY.01,0.02465621,0.90045297,0.05642971,0.92395367
TCGA.AN.A0FZ.01,0.02117406,0.95022119,0.06544412,0.79798414
TCGA.AN.A0G0.01,0.02207659,0.94446325,0.05427662,0.29323837
TCGA.AN.A0XL.01,0.03039445,0.94495926,0.03906269,0.91844436
TCGA.AN.A0XN.01,0.03117151,0.91324899,0.04079706,0.89479929
TCGA.AN.A0XO.01,0.02795332,0.93125902,0.05814014,0.93222418
TCGA.AN.A0XP.01,0.03508794,0.91081209,0.03859765,0.94505389
TCGA.AN.A0XR.01,0.02932347,0.85437793,0.03531837,0.96223016
TCGA.AN.A0XS.01,0.0264329,0.91285733,0.20325559,0.9215172
TCGA.AN.A0XT.01,0.03411339,0.87890336,0.03030252,0.94396427
TCGA.AN.A0XU.01,0.03092628,0.91282995,0.03170684,0.28990271
TCGA.AN.A0XV.01,0.05601218,0.89863406,0.03112494,0.92151858
TCGA.AN.A0XW.01,0.03657276,0.89891509,0.04837783,0.88273974
TCGA.AO.A03L.01,0.04453503,0.92800557,0.07977414,0.93694348
TCGA.AO.A03M.01,0.0264561,0.91692051,0.09125534,0.91095276
TCGA.AO.A03N.01,0.02560372,0.91375518,0.14506122,0.92898675
TCGA.AO.A03O.01,0.02769302,0.9084,0.08147453,0.82791138
TCGA.AO.A03P.01,0.03487263,0.92169534,0.15466062,0.94306253
TCGA.AO.A03R.01,0.02190082,0.94015259,0.07027197,0.89567483
TCGA.AO.A03T.01,0.03234254,0.94336129,0.06424366,0.83366165
TCGA.AO.A03U.01,0.0258316,0.91076782,0.03496047,0.83841837
TCGA.AO.A03V.01,0.02412965,0.88220229,0.05741121,0.94484563
TCGA.AO.A0J2.01,0.02037588,0.90521894,0.14441816,0.8970059
TCGA.AO.A0J3.01,0.0252167,0.92388235,0.12027603,0.95639233
TCGA.AO.A0J4.01,0.02498489,0.92600152,0.04545044,0.70143207
TCGA.AO.A0J5.01,0.02385801,0.92332317,0.1275359,0.88145665
TCGA.AO.A0J6.01,0.02752616,0.9460899,0.04922816,0.26272001
TCGA.AO.A0J7.01,0.02015718,0.95984221,0.14330395,0.9379626
TCGA.AO.A0J8.01,0.02027354,0.93867152,0.07181221,0.88985709
TCGA.AO.A0J9.01,0.02132831,0.92451375,0.04920569,0.82081591
TCGA.AO.A0JA.01,0.03106732,0.90531289,0.1262118,0.9421621
TCGA.AO.A0JB.01,0.04493512,0.85936299,0.04844716,0.9570095
TCGA.AO.A0JC.01,0.01960927,0.92708589,0.02353919,0.90996782
TCGA.AO.A0JD.01,0.03262652,0.8846595,0.0482855,0.88824229
TCGA.AO.A0JE.01,0.03579654,0.94843621,0.04756988,0.86712878
TCGA.AO.A0JF.01,0.03293587,0.89839154,0.04055258,0.94007585
TCGA.AO.A0JG.01,0.0289663,0.89547719,0.03830867,0.88272996
TCGA.AO.A0JI.01,0.03151775,0.9145794,0.12484848,0.93287654
TCGA.AO.A0JJ.01,0.02809175,0.9303491,0.02788113,0.90258738
TCGA.AO.A0JL.01,0.04548144,0.85894928,0.02621283,0.85063923
TCGA.AO.A0JM.01,0.03402614,0.92292776,0.03382349,0.9440344
TCGA.AO.A124.01,0.02971401,0.91994284,0.02977523,0.93273873
TCGA.AO.A125.01,0.03367417,0.93178983,0.03020484,0.95719722
TCGA.AO.A126.01,0.03953077,0.91523194,0.158963,0.94836022
TCGA.AO.A128.01,0.03842929,0.88348516,0.02124231,0.81534883
TCGA.AO.A129.01,0.04068418,0.92103313,0.03124161,0.65297679
TCGA.AO.A12A.01,0.05058168,0.913991,0.07549133,0.93231918
TCGA.AO.A12B.01,0.0238814,0.9236074,0.03619484,0.94777247
TCGA.AO.A12D.01,0.02858528,0.91907202,0.24087138,0.86033713
TCGA.AO.A12E.01,0.02810225,0.9143752,0.04162461,0.91627724
TCGA.AO.A12F.01,0.02061763,0.91631934,0.05449382,0.18178203
TCGA.AO.A12G.01,0.02700241,0.91746658,0.0366847,0.93574076
TCGA.AO.A12H.01,0.0212674,0.91777802,0.04095039,0.88440488
TCGA.AO.A1KO.01,0.02616758,0.92477432,0.08259947,0.90712005
TCGA.AO.A1KP.01,0.03434567,0.91483652,0.69454126,0.94257787
TCGA.AO.A1KQ.01,0.02948814,0.90860861,0.07388432,0.89708342
TCGA.AO.A1KR.01,0.02718889,0.93296679,0.03781803,0.55377292
TCGA.AO.A1KS.01,0.0269882,0.9058407,0.40616113,0.94505875
TCGA.AO.A1KT.01,0.02604281,0.91998151,0.02956457,0.893835
TCGA.AQ.A04H.01,0.04452412,0.91413538,0.04289794,0.9413704
TCGA.AQ.A04J.01,0.03639679,0.90634367,0.07746579,0.44920376
TCGA.AQ.A04L.01,0.04079951,0.89608227,0.08200542,0.94819493
TCGA.AQ.A0Y5.01,0.0346714,0.88675948,0.04754919,0.89642725
TCGA.AQ.A1H2.01,0.02915056,0.93014831,0.03299378,0.89705199
TCGA.AQ.A1H3.01,0.02516646,0.90398424,0.04905425,0.89303072
TCGA.AQ.A54N.01,0.03548479,0.89744201,0.04862795,0.09574813
TCGA.AQ.A54O.01,0.04274019,0.87971967,0.03512274,0.91656963
TCGA.AQ.A7U7.01,0.02243223,0.93532078,0.03720744,0.86215278
TCGA.AR.A0TP.01,0.04968727,0.84815726,0.02622755,0.93764907
TCGA.AR.A0TQ.01,0.02046092,0.91040938,0.27667114,0.92635923
TCGA.AR.A0TR.01,0.03187644,0.90236548,0.02230605,0.96062996
TCGA.AR.A0TS.01,0.03344624,0.88913372,0.03954102,0.8934724
TCGA.AR.A0TT.01,0.03830791,0.90717673,0.04015629,0.90740848
TCGA.AR.A0TU.01,0.03791783,0.9006463,0.02494869,0.40696416
TCGA.AR.A0TV.01,0.03507154,0.93684812,0.02826384,0.93933583
TCGA.AR.A0TW.01,0.03743687,0.9058756,0.02445264,0.88656776
TCGA.AR.A0TX.01,0.03445405,0.91624448,0.16807473,0.71745391
TCGA.AR.A0TY.01,0.01903305,0.86084622,0.05107041,0.9363746
TCGA.AR.A0TZ.01,0.03108343,0.9312126,0.51251843,0.95568979
TCGA.AR.A0U0.01,0.03733284,0.89818858,0.0349333,0.81891775
TCGA.AR.A0U1.01,0.03410663,0.89837748,0.05932506,0.85784029
TCGA.AR.A0U2.01,0.02798385,0.90773688,0.03024799,0.92761139
TCGA.AR.A0U3.01,0.03318223,0.90175716,0.35122399,0.93994601
TCGA.AR.A0U4.01,0.03417202,0.88151929,0.02468151,0.27462176
TCGA.AR.A1AH.01,0.0326313,0.82991887,0.10832417,0.45795122
TCGA.AR.A1AI.01,0.02573507,0.90838915,0.032562,0.57304872
TCGA.AR.A1AJ.01,0.03281647,0.89587113,0.03965901,0.75932254
TCGA.AR.A1AK.01,0.02973762,0.92686133,0.04235797,0.88998574
TCGA.AR.A1AL.01,0.02851391,0.92616583,0.07492608,0.94688648
TCGA.AR.A1AM.01,0.03016408,0.92053614,0.06130772,0.90204434
TCGA.AR.A1AN.01,0.02726549,0.9168259,0.02590954,0.92737811
TCGA.AR.A1AO.01,0.02676713,0.93029675,0.03505855,0.72004011
TCGA.AR.A1AP.01,0.03151523,0.90757352,0.036226,0.8023936
TCGA.AR.A1AQ.01,0.02988247,0.9250052,0.06532615,0.59482272
TCGA.AR.A1AR.01,0.03030182,0.90555882,0.02940014,0.49979936
TCGA.AR.A1AS.01,0.03609117,0.91498379,0.02759085,0.92912744
TCGA.AR.A1AT.01,0.02653106,0.87254644,0.02494091,0.87914883
TCGA.AR.A1AU.01,0.03006457,0.92911099,0.06231797,0.90751036
TCGA.AR.A1AV.01,0.03061761,0.87820211,0.02113131,0.93689984
TCGA.AR.A1AW.01,0.02936304,0.92862938,0.03216535,0.8792021
TCGA.AR.A1AX.01,0.02982911,0.92201447,0.0270576,0.86706922
TCGA.AR.A1AY.01,0.03265659,0.89782728,0.03210605,0.91708148
TCGA.AR.A24H.01,0.03377149,0.944368,0.07545474,0.83806467
TCGA.AR.A24K.01,0.04451189,0.94218632,0.0563355,0.95302873
TCGA.AR.A24L.01,0.0349775,0.92427848,0.09878003,0.89369892
TCGA.AR.A24M.01,0.03797651,0.92637864,0.07814293,0.90752574
TCGA.AR.A24N.01,0.03322462,0.95119318,0.06383261,0.92455691
TCGA.AR.A24O.01,0.03382222,0.90805407,0.05465314,0.88159575
TCGA.AR.A24P.01,0.02723356,0.9422739,0.04797223,0.87898787
TCGA.AR.A24Q.01,0.03035274,0.90565324,0.08993547,0.70382675
TCGA.AR.A24R.01,0.03611024,0.9179352,0.04261628,0.91752394
TCGA.AR.A24S.01,0.03060387,0.93128092,0.04899142,0.88612163
TCGA.AR.A24T.01,0.04057109,0.93675429,0.06300317,0.91166974
TCGA.AR.A24U.01,0.03412599,0.94242878,0.07407475,0.87983388
TCGA.AR.A24V.01,0.03240826,0.94730742,0.04007974,0.93216442
TCGA.AR.A24W.01,0.02809164,0.94045134,0.11064581,0.92742125
TCGA.AR.A24X.01,0.02258322,0.93871725,0.09529633,0.91368752
TCGA.AR.A24Z.01,0.03750352,0.93997987,0.04662608,0.94346109
TCGA.AR.A250.01,0.02621673,0.91967499,0.35378701,0.89816028
TCGA.AR.A251.01,0.03064506,0.93695413,0.04265625,0.91805235
TCGA.AR.A252.01,0.02715422,0.92007433,0.05099931,0.84836792
TCGA.AR.A254.01,0.03032222,0.89400368,0.07998275,0.81495907
TCGA.AR.A255.01,0.03808366,0.95315699,0.0778183,0.93234508
TCGA.AR.A256.01,0.03571603,0.92925347,0.03337409,0.29338245
TCGA.AR.A2LE.01,0.02635223,0.94649495,0.04836169,0.91255357
TCGA.AR.A2LH.01,0.04352467,0.94487087,0.06214025,0.85261259
TCGA.AR.A2LJ.01,0.03171203,0.93421885,0.0683855,0.87312125
TCGA.AR.A2LK.01,0.04667233,0.94938464,0.03978114,0.94243155
TCGA.AR.A2LM.01,0.03340049,0.95088419,0.1687343,0.86816681
TCGA.AR.A2LN.01,0.03697884,0.94379897,0.08093702,0.89811886
TCGA.AR.A2LO.01,0.03805734,0.95290667,0.08560372,0.85972023
TCGA.AR.A2LQ.01,0.06456217,0.93621353,0.0884003,0.8646438
TCGA.AR.A5QN.01,0.02076891,0.92808319,0.44450314,0.921919
TCGA.AR.A5QP.01,0.03266198,0.93468663,0.05830076,0.90240612
TCGA.AR.A5QQ.01,0.02563659,0.91945085,0.04259874,0.80973165
TCGA.B6.A0I1.01,0.03038935,0.93260237,0.02625005,0.35895709
TCGA.B6.A0I2.01,0.0269093,0.92575546,0.04490169,0.77744165
TCGA.B6.A0I5.01,0.01968872,0.93644415,0.05536057,0.92120959
TCGA.B6.A0I6.01,0.0238961,0.94591051,0.03968797,0.79586178
TCGA.B6.A0I8.01,0.02920401,0.95570916,0.0403019,0.8888832
TCGA.B6.A0I9.01,0.03250457,0.94934318,0.06796174,0.93321923
TCGA.B6.A0IA.01,0.02566051,0.93510276,0.04110121,0.93373991
TCGA.B6.A0IB.01,0.01786319,0.91132826,0.06237607,0.9056204
TCGA.B6.A0IC.01,0.02511189,0.9434509,0.06660235,0.94448585
TCGA.B6.A0IE.01,0.02736795,0.91509587,0.08696873,0.88180483
TCGA.B6.A0IG.01,0.02109142,0.95760493,0.10182893,0.9413007
TCGA.B6.A0IH.01,0.03453723,0.8842343,0.14531016,0.91038636
TCGA.B6.A0IJ.01,0.02209959,0.94168609,0.10066317,0.84809949
TCGA.B6.A0IK.01,0.02726701,0.90080255,0.10553617,0.94058758
TCGA.B6.A0IM.01,0.02365077,0.93802777,0.3566591,0.92339378
TCGA.B6.A0IN.01,0.03322174,0.95114958,0.04010182,0.90945517
TCGA.B6.A0IO.01,0.03075396,0.93492207,0.05820328,0.92256793
TCGA.B6.A0IP.01,0.02543702,0.92943544,0.09232443,0.89881025
TCGA.B6.A0IQ.01,0.02883716,0.93365854,0.09105686,0.49973639
TCGA.B6.A0RE.01,0.03936498,0.8737906,0.02081102,0.42755262
TCGA.B6.A0RG.01,0.02840282,0.92601366,0.03439692,0.96134824
TCGA.B6.A0RH.01,0.03814462,0.84086932,0.33851366,0.95618702
TCGA.B6.A0RI.01,0.03265865,0.89963328,0.03783473,0.93196344
TCGA.B6.A0RL.01,0.02781985,0.92969624,0.02372128,0.94437085
TCGA.B6.A0RM.01,0.03375791,0.93315512,0.03315974,0.95984492
TCGA.B6.A0RN.01,0.03643121,0.90753795,0.06809439,0.96204654
TCGA.B6.A0RO.01,0.02744731,0.91245394,0.07683261,0.93687221
TCGA.B6.A0RP.01,0.04591435,0.92855536,0.07172126,0.88225251
TCGA.B6.A0RQ.01,0.03084856,0.92619322,0.158759,0.88410656
TCGA.B6.A0RS.01,0.03601994,0.89786494,0.03597794,0.91621108
TCGA.B6.A0RT.01,0.03012428,0.90143521,0.02663463,0.74614052
TCGA.B6.A0RU.01,0.02504256,0.91076392,0.07143136,0.90320566
TCGA.B6.A0RV.01,0.03073742,0.90607047,0.20457899,0.93780356
TCGA.B6.A0WS.01,0.02645963,0.91337927,0.0453499,0.81832007
TCGA.B6.A0WT.01,0.03204605,0.9037449,0.13486928,0.93629806
TCGA.B6.A0WV.01,0.05546847,0.90417811,0.03263179,0.94275878
TCGA.B6.A0WW.01,0.03762229,0.91774242,0.03446757,0.93673038
TCGA.B6.A0WX.01,0.03428068,0.90723299,0.04798381,0.80350011
TCGA.B6.A0WY.01,0.03449735,0.91077784,0.13050059,0.91938088
TCGA.B6.A0WZ.01,0.02656152,0.91984187,0.04798188,0.9413804
TCGA.B6.A0X0.01,0.02345122,0.89613346,0.03634644,0.95313794
TCGA.B6.A0X1.01,0.03812282,0.89637164,0.02298024,0.31986906
TCGA.B6.A0X4.01,0.02997695,0.90521282,0.03915569,0.94424357
TCGA.B6.A0X5.01,0.35835326,0.91357322,0.02572986,0.94451798
TCGA.B6.A0X7.01,0.04131526,0.91222641,0.12624951,0.95461719
TCGA.B6.A1KC.01,0.1106932,0.9442403,0.1044274,0.9414316
TCGA.B6.A1KF.01,0.02846125,0.88518792,0.06291073,0.51982297
TCGA.B6.A1KI.01,0.02382185,0.9122612,0.03537484,0.93050453
TCGA.B6.A1KN.01,0.02585244,0.90305337,0.05897076,0.91659251
TCGA.B6.A2IU.01,0.03324431,0.94750319,0.07614079,0.92370504
TCGA.B6.A3ZX.01,0.02612834,0.9132144,0.03332921,0.93975067
TCGA.B6.A400.01,0.02870477,0.93526084,0.03307264,0.61599177
TCGA.B6.A401.01,0.03722445,0.91365247,0.04406602,0.887591
TCGA.B6.A402.01,0.02681999,0.92074691,0.04247885,0.35371344
TCGA.B6.A408.01,0.03013119,0.93740105,0.03595395,0.91404284
TCGA.B6.A409.01,0.02155547,0.93141767,0.04451367,0.58359154
TCGA.B6.A40B.01,0.02333243,0.91866571,0.06799857,0.92362267
TCGA.B6.A40C.01,0.02535784,0.928075,0.0390826,0.91730602
TCGA.BH.A0AU.01,0.02643091,0.94881699,0.03454209,0.92746438
TCGA.BH.A0AV.01,0.03458956,0.90170565,0.05104297,0.39617939
TCGA.BH.A0AW.01,0.02822572,0.8673317,0.09166076,0.91112784
TCGA.BH.A0AY.01,0.03400092,0.90651621,0.06230836,0.86065635
TCGA.BH.A0AZ.01,0.03174851,0.93727626,0.05098146,0.91989309
TCGA.BH.A0B0.01,0.03144308,0.90535094,0.03566469,0.88091766
TCGA.BH.A0B2.01,0.04204536,0.8828258,0.03726249,0.93724307
TCGA.BH.A0B3.01,0.02765067,0.90680324,0.03656096,0.88435362
TCGA.BH.A0B4.01,0.02249839,0.94238852,0.08039203,0.81718276
TCGA.BH.A0B5.01,0.02823716,0.92552737,0.16239345,0.92407649
TCGA.BH.A0B7.01,0.02656377,0.91773776,0.04754482,0.73928918
TCGA.BH.A0B8.01,0.02859302,0.91992131,0.03259925,0.94149538
TCGA.BH.A0B9.01,0.05077352,0.90280024,0.02438577,0.54344531
TCGA.BH.A0BA.01,0.02832265,0.87118063,0.30119161,0.9526678
TCGA.BH.A0BC.01,0.03675326,0.90714469,0.03647288,0.92315213
TCGA.BH.A0BD.01,0.02779055,0.92512389,0.05263474,0.8703162
TCGA.BH.A0BF.01,0.02811186,0.92890976,0.02915686,0.85170857
TCGA.BH.A0BG.01,0.02725331,0.90505204,0.03369729,0.29539539
TCGA.BH.A0BJ.01,0.02874147,0.93580882,0.05709421,0.90099783
TCGA.BH.A0BL.01,0.01546847,0.90032882,0.03415733,0.40326635
TCGA.BH.A0BM.01,0.02711331,0.9169138,0.03050172,0.92569074
TCGA.BH.A0BO.01,0.02063474,0.91796913,0.05671241,0.74003922
TCGA.BH.A0BP.01,0.02819184,0.87216432,0.0528884,0.9116958
TCGA.BH.A0BQ.01,0.02416284,0.90190917,0.05589133,0.84670478
TCGA.BH.A0BR.01,0.03717404,0.89840614,0.05476833,0.80185827
TCGA.BH.A0BS.01,0.03482454,0.90492245,0.03049953,0.90685574
TCGA.BH.A0BT.01,0.02539172,0.90478227,0.4618644,0.94674825
TCGA.BH.A0BV.01,0.02720008,0.92071695,0.05749659,0.84417975
TCGA.BH.A0BW.01,0.02557187,0.91140412,0.04755668,0.37598629
TCGA.BH.A0BZ.01,0.03325146,0.90412958,0.03432275,0.87688783
TCGA.BH.A0C0.01,0.0245441,0.88314097,0.02949882,0.90126526
TCGA.BH.A0C1.01,0.02592678,0.88541299,0.07316553,0.89428417
TCGA.BH.A0C3.01,0.02883367,0.92943945,0.10888315,0.91823989
TCGA.BH.A0C7.01,0.03710748,0.91683381,0.06221525,0.91652159
TCGA.BH.A0DD.01,0.03166493,0.87378514,0.03121692,0.94073281
TCGA.BH.A0DE.01,0.03591384,0.9208812,0.45716417,0.86932225
TCGA.BH.A0DG.01,0.03928234,0.90643851,0.04250691,0.90779786
TCGA.BH.A0DH.01,0.03383425,0.92643495,0.10477263,0.95110509
TCGA.BH.A0DI.01,0.02938677,0.92593692,0.06569742,0.88803544
TCGA.BH.A0DK.01,0.04782565,0.91210705,0.04289773,0.91937235
TCGA.BH.A0DL.01,0.02248882,0.91435262,0.04506989,0.41779773
TCGA.BH.A0DO.01,0.0190599,0.90879569,0.08161638,0.88417432
TCGA.BH.A0DP.01,0.03850709,0.92718336,0.04049329,0.91823273
TCGA.BH.A0DQ.01,0.03805191,0.90408062,0.05420192,0.91934359
TCGA.BH.A0DS.01,0.03243091,0.9298068,0.02583451,0.90533455
TCGA.BH.A0DT.01,0.02458598,0.90870099,0.0857809,0.88065845
TCGA.BH.A0DV.01,0.03676944,0.92288588,0.04471721,0.91894853
TCGA.BH.A0DX.01,0.05718531,0.88831284,0.04573947,0.80618663
TCGA.BH.A0DZ.01,0.02463619,0.90992503,0.29932264,0.88299979
TCGA.BH.A0E0.01,0.0313677,0.91459744,0.0325039,0.47701324
TCGA.BH.A0E1.01,0.03277738,0.91365654,0.05405475,0.94239503
TCGA.BH.A0E2.01,0.03166784,0.87470669,0.03273648,0.96225154
TCGA.BH.A0E6.01,0.02539961,0.92225035,0.05964659,0.84934165
TCGA.BH.A0E7.01,0.02276991,0.93748384,0.0555308,0.92395833
TCGA.BH.A0E9.01,0.02791949,0.92055718,0.09486207,0.8498755
TCGA.BH.A0EA.01,0.02207011,0.9147468,0.04576764,0.8636117
TCGA.BH.A0EB.01,0.02579628,0.93994422,0.13860366,0.59274803
TCGA.BH.A0EE.01,0.02076336,0.90916967,0.04716133,0.79681835
TCGA.BH.A0EI.01,0.02556705,0.92642889,0.41426579,0.93314414
TCGA.BH.A0GY.01,0.03848056,0.90673663,0.10127434,0.91079909
TCGA.BH.A0GZ.01,0.02934167,0.93759758,0.02416366,0.89438271
TCGA.BH.A0H0.01,0.03785914,0.92524859,0.05956187,0.94487428
TCGA.BH.A0H3.01,0.02524231,0.93623506,0.04429454,0.91185634
TCGA.BH.A0H5.01,0.02768888,0.90678964,0.04754964,0.78883616
TCGA.BH.A0H6.01,0.03322707,0.91734352,0.10081234,0.95578388
TCGA.BH.A0H7.01,0.0406592,0.9261715,0.61033763,0.94866277
TCGA.BH.A0H9.01,0.02950415,0.93953984,0.0445351,0.80448936
TCGA.BH.A0HA.01,0.02631144,0.92559352,0.21690266,0.93166081
TCGA.BH.A0HB.01,0.03015896,0.9147902,0.05145818,0.89123959
TCGA.BH.A0HF.01,0.02675296,0.9018011,0.02597396,0.91640079
TCGA.BH.A0HI.01,0.04284632,0.90136393,0.04607942,0.93840169
TCGA.BH.A0HK.01,0.03341421,0.9328911,0.03346753,0.93618612
TCGA.BH.A0HL.01,0.03271636,0.94798949,0.04783619,0.95531971
TCGA.BH.A0HN.01,0.02807715,0.83552533,0.0247425,0.92997348
TCGA.BH.A0HO.01,0.02747991,0.93673555,0.03739048,0.84454779
TCGA.BH.A0HP.01,0.03283242,0.91589969,0.14219843,0.93337381
TCGA.BH.A0HQ.01,0.02684053,0.93768061,0.11773829,0.92744513
TCGA.BH.A0HU.01,0.02308768,0.94710681,0.21906535,0.93038563
TCGA.BH.A0HW.01,0.01913944,0.95453957,0.03627955,0.95644636
TCGA.BH.A0HX.01,0.04134966,0.92825601,0.02529482,0.9203735
TCGA.BH.A0HY.01,0.03621111,0.89320623,0.022736,0.93296567
TCGA.BH.A0RX.01,0.0220411,0.92050175,0.0327492,0.7868159
TCGA.BH.A0W3.01,0.03489267,0.93041335,0.09507821,0.92653595
TCGA.BH.A0W4.01,0.0246914,0.91507825,0.30261122,0.89595193
TCGA.BH.A0W5.01,0.03162259,0.90804878,0.04811799,0.90950702
TCGA.BH.A0W7.01,0.02345809,0.881164,0.05153619,0.86358056
TCGA.BH.A0WA.01,0.04925403,0.8668588,0.04510685,0.48073808
TCGA.BH.A18F.01,0.02018449,0.90355834,0.09769986,0.87603275
TCGA.BH.A18G.01,0.02324781,0.88004866,0.13936248,0.24152324
TCGA.BH.A18H.01,0.02214671,0.92154063,0.04744559,0.81365588
TCGA.BH.A18I.01,0.02257486,0.92808718,0.0508717,0.91405841
TCGA.BH.A18J.01,0.02511921,0.90423494,0.05306359,0.71083268
TCGA.BH.A18K.01,0.02481709,0.92146653,0.07084372,0.40046375
TCGA.BH.A18L.01,0.02182777,0.93139581,0.04824399,0.95284481
TCGA.BH.A18M.01,0.02335894,0.9195652,0.08282593,0.91810027
TCGA.BH.A18N.01,0.02670376,0.93401087,0.04212376,0.91862696
TCGA.BH.A18P.01,0.02281861,0.85865659,0.27985484,0.92205693
TCGA.BH.A18Q.01,0.02830858,0.89790872,0.04611877,0.88877432
TCGA.BH.A18R.01,0.02491848,0.89709633,0.0793727,0.83600264
TCGA.BH.A18S.01,0.02076402,0.92887339,0.05859629,0.87802414
TCGA.BH.A18T.01,0.04075245,0.92454395,0.04278733,0.18108923
TCGA.BH.A18U.01,0.03287897,0.93493303,0.05619407,0.93781808
TCGA.BH.A18V.01,0.02255876,0.92185829,0.04322875,0.22584489
TCGA.BH.A1EN.01,0.03300373,0.9030232,0.04962572,0.95043476
TCGA.BH.A1EO.01,0.03471687,0.93160899,0.50139799,0.95054797
TCGA.BH.A1ES.01,0.03121217,0.89068034,0.37365552,0.95746051
TCGA.BH.A1ET.01,0.03029765,0.93572599,0.06622534,0.84561888
TCGA.BH.A1EU.01,0.03078814,0.90428634,0.03925985,0.89891309
TCGA.BH.A1EV.01,0.038486,0.93777923,0.02475248,0.91399851
TCGA.BH.A1EW.01,0.04061591,0.93640459,0.0338183,0.92123642
TCGA.BH.A1EX.01,0.0294624,0.92308109,0.03379315,0.87275682
TCGA.BH.A1EY.01,0.03996077,0.84536236,0.03810221,0.79157134
TCGA.BH.A1F0.01,0.03482632,0.93605868,0.02810854,0.69505092
TCGA.BH.A1F2.01,0.02252171,0.90692902,0.10760207,0.88053419
TCGA.BH.A1F6.01,0.03822048,0.91450147,0.03821412,0.61316655
TCGA.BH.A1F8.01,0.031997,0.93433725,0.06657196,0.9057685
TCGA.BH.A1FB.01,0.0378812,0.90136607,0.08856465,0.89794393
TCGA.BH.A1FC.01,0.03382105,0.91301571,0.03598804,0.92619922
TCGA.BH.A1FD.01,0.02844157,0.87185736,0.29299124,0.93810094
TCGA.BH.A1FE.01,0.03318562,0.88899531,0.07409347,0.86411185
TCGA.BH.A1FG.01,0.03130848,0.94073559,0.03220104,0.94336116
TCGA.BH.A1FH.01,0.03254107,0.90055631,0.09235153,0.85809346
TCGA.BH.A1FJ.01,0.03570817,0.93118679,0.04451909,0.95131485
TCGA.BH.A1FL.01,0.02689156,0.9296174,0.10758049,0.94401061
TCGA.BH.A1FM.01,0.05238594,0.82859537,0.03151988,0.89706045
TCGA.BH.A1FN.01,0.02965609,0.9301413,0.04692079,0.92238989
TCGA.BH.A1FR.01,0.03465121,0.90902541,0.08021828,0.88376078
TCGA.BH.A1FU.01,0.06521155,0.93829119,0.09118761,0.84936841
TCGA.BH.A201.01,0.0303878,0.89838562,0.08388923,0.90851482
TCGA.BH.A202.01,0.02900094,0.91134975,0.03802589,0.91330485
TCGA.BH.A203.01,0.02830026,0.92976003,0.04394187,0.8835856
TCGA.BH.A204.01,0.0393282,0.91771285,0.18749639,0.93799966
TCGA.BH.A208.01,0.02747423,0.92410517,0.05861581,0.87661485
TCGA.BH.A209.01,0.101099,0.940964,0.1182588,0.8695976
TCGA.BH.A28O.01,0.02651272,0.94156382,0.11707413,0.90502897
TCGA.BH.A28Q.01,0.03529589,0.93606251,0.14008675,0.94166832
TCGA.BH.A2L8.01,0.03442964,0.94083371,0.05122426,0.83685429
TCGA.BH.A42T.01,0.02552957,0.92488447,0.15217349,0.9046682
TCGA.BH.A42U.01,0.02392639,0.93478912,0.10315067,0.83044711
TCGA.BH.A42V.01,0.02425442,0.93700298,0.36587385,0.87444204
TCGA.BH.A6R8.01,0.03213668,0.90186582,0.03392012,0.92612073
TCGA.BH.A6R9.01,0.02947418,0.89787301,0.04763635,0.79909813
TCGA.BH.A8FY.01,0.03801758,0.89018885,0.03890075,0.92283239
TCGA.BH.A8FZ.01,0.02807251,0.93475072,0.07519011,0.86151068
TCGA.BH.A8G0.01,0.02189066,0.93348717,0.10686734,0.88053701
TCGA.BH.AB28.01,0.05919252,0.88495756,0.07533449,0.94434909
TCGA.C8.A12K.01,0.03140332,0.88647671,0.03553985,0.70201656
TCGA.C8.A12L.01,0.02233017,0.53294004,0.04891418,0.79990784
TCGA.C8.A12M.01,0.02624091,0.90987533,0.13696172,0.93803066
TCGA.C8.A12N.01,0.01944379,0.92968054,0.03744711,0.87499707
TCGA.C8.A12O.01,0.02141764,0.9215972,0.03701424,0.792368
TCGA.C8.A12P.01,0.01977888,0.89348666,0.05173344,0.84718353
TCGA.C8.A12Q.01,0.03570796,0.83131252,0.0722992,0.78080744
TCGA.C8.A12T.01,0.02141951,0.86343473,0.17743154,0.9049784
TCGA.C8.A12U.01,0.03336536,0.87621627,0.05674811,0.80369134
TCGA.C8.A12V.01,0.02853784,0.92478513,0.04245177,0.66035325
TCGA.C8.A12W.01,0.02490164,0.93599979,0.04770066,0.87055045
TCGA.C8.A12X.01,0.02988508,0.91464113,0.46555442,0.95222473
TCGA.C8.A12Y.01,0.02562243,0.91537359,0.05258116,0.87374559
TCGA.C8.A12Z.01,0.02356595,0.86649471,0.05130979,0.93643521
TCGA.C8.A130.01,0.04342341,0.91019941,0.05074826,0.91751497
TCGA.C8.A131.01,0.0289457,0.90622869,0.04293931,0.56919035
TCGA.C8.A132.01,0.02674754,0.91483888,0.0579685,0.88375721
TCGA.C8.A133.01,0.02565681,0.85554072,0.04250788,0.91034016
TCGA.C8.A134.01,0.59127692,0.85603889,NA,0.49239863
TCGA.C8.A135.01,0.02213886,0.89833103,0.04881895,0.84625103
TCGA.C8.A137.01,0.03118378,0.79569754,0.27203921,0.92434076
TCGA.C8.A138.01,0.02412632,0.8731255,0.17719377,0.8755228
TCGA.C8.A1HE.01,0.03002844,0.90337808,0.04084526,0.90164497
TCGA.C8.A1HF.01,0.02812283,0.91400871,0.0682886,0.89577738
TCGA.C8.A1HG.01,0.03772509,0.93361516,0.02859661,0.92866999
TCGA.C8.A1HI.01,0.02893253,0.91689485,0.0568366,0.94254767
TCGA.C8.A1HJ.01,0.02230257,0.92068517,0.03578461,0.90130616
TCGA.C8.A1HK.01,0.03329791,0.89872005,0.20531081,0.92951614
TCGA.C8.A1HL.01,0.02960074,0.91245582,0.06071205,0.90918077
TCGA.C8.A1HM.01,0.03222663,0.89693255,0.02556176,0.88754864
TCGA.C8.A1HN.01,0.06590233,0.89691836,0.02512318,0.9087329
TCGA.C8.A1HO.01,0.02785492,0.90178498,0.49982325,0.94606789
TCGA.C8.A26V.01,0.0275393,0.91296138,0.05627744,0.89095377
TCGA.C8.A26W.01,0.03068911,0.91619136,0.14010046,0.9283779
TCGA.C8.A26X.01,0.03019736,0.93406442,0.03204785,0.83509279
TCGA.C8.A26Y.01,0.03008374,0.94245049,0.06294506,0.85648078
TCGA.C8.A26Z.01,0.02664588,0.94002182,0.04164874,0.94917806
TCGA.C8.A273.01,0.03021539,0.9275267,0.04183714,0.93631909
TCGA.C8.A274.01,0.03389875,0.93319436,0.03871238,0.91734294
TCGA.C8.A275.01,0.02418689,0.92549627,0.0759464,0.89773054
TCGA.C8.A278.01,0.02726327,0.93213906,0.04030565,0.91200433
TCGA.C8.A27A.01,0.03145341,0.90058146,0.04873198,0.94973639
TCGA.C8.A27B.01,0.03058172,0.92686199,0.04541952,0.65385429
TCGA.C8.A3M7.01,0.03176559,0.91307138,0.08748708,0.84470048
TCGA.C8.A3M8.01,0.02872579,0.93850157,0.0529321,0.89001133
TCGA.C8.A8HP.01,0.03869081,0.91280072,0.18278225,0.86243448
TCGA.C8.A8HQ.01,0.02313313,0.91299371,0.44824362,0.92069346
TCGA.C8.A8HR.01,0.04479179,0.89749203,0.0430426,0.86831783
TCGA.C8.A9FZ.01,0.03787809,0.94931065,0.70651746,0.94017658
TCGA.D8.A13Y.01,0.03652831,0.84956194,0.10873576,0.96678294
TCGA.D8.A13Z.01,0.02969592,0.87738961,0.27549154,0.84608106
TCGA.D8.A140.01,0.02043263,0.85942056,0.02913366,0.90698072
TCGA.D8.A141.01,0.02821389,0.88654384,0.06813079,0.75369443
TCGA.D8.A142.01,0.03589829,0.91305172,0.05759265,0.60051565
TCGA.D8.A143.01,0.02268486,0.90849572,0.0912153,0.90285123
TCGA.D8.A145.01,0.02078433,0.90882023,0.05902896,0.87365039
TCGA.D8.A147.01,0.03218329,0.86765287,0.0488209,0.52006573
TCGA.D8.A1J8.01,0.02652091,0.91408119,0.05650652,0.8640943
TCGA.D8.A1J9.01,0.02703336,0.90675064,0.04096687,0.89024062
TCGA.D8.A1JA.01,0.02700859,0.87476518,0.07655547,0.8608751
TCGA.D8.A1JB.01,0.02779122,0.91954255,0.10421687,0.84965808
TCGA.D8.A1JC.01,0.03102554,0.92747338,0.04213577,0.87803672
TCGA.D8.A1JD.01,0.03732617,0.9457548,0.07071091,0.81997567
TCGA.D8.A1JE.01,0.02306585,0.89903716,0.03771767,0.70307647
TCGA.D8.A1JF.01,0.03475787,0.93786887,0.11993671,0.82657863
TCGA.D8.A1JG.01,0.02105537,0.87570301,0.12510313,0.82195605
TCGA.D8.A1JH.01,0.0280581,0.82210229,0.14563854,0.86777691
TCGA.D8.A1JI.01,0.02020822,0.9422527,0.03215733,0.92620675
TCGA.D8.A1JJ.01,0.0267717,0.89157849,0.04780694,0.88872201
TCGA.D8.A1JK.01,0.02516415,0.89884464,0.16370318,0.8723539
TCGA.D8.A1JL.01,0.02829018,0.91002932,0.03269152,0.83703924
TCGA.D8.A1JM.01,0.0268566,0.83741842,0.05676503,0.34302473
TCGA.D8.A1JN.01,0.0345664,0.8720741,0.2616659,0.9481962
TCGA.D8.A1JP.01,0.04141635,0.92693969,0.03913755,0.90936681
TCGA.D8.A1JS.01,0.02654204,0.92623533,0.03562076,0.95227943
TCGA.D8.A1JT.01,0.03247857,0.93681016,0.03901729,0.94621006
TCGA.D8.A1JU.01,0.02849995,0.91149312,0.07146945,0.90201517
TCGA.D8.A1X5.01,0.02485767,0.90711477,0.04009636,0.86169647
TCGA.D8.A1X6.01,0.02684948,0.92587479,0.03198995,0.83910836
TCGA.D8.A1X7.01,0.03205007,0.92763004,0.02144589,0.89197796
TCGA.D8.A1X8.01,0.02576168,0.92842043,0.0744938,0.90006868
TCGA.D8.A1X9.01,0.04258282,0.93365903,0.19659547,0.9381746
TCGA.D8.A1XA.01,0.0275407,0.95026792,0.0378024,0.94459615
TCGA.D8.A1XB.01,0.04008731,0.93635631,0.09631945,0.92004668
TCGA.D8.A1XC.01,0.03525497,0.92692458,0.03804376,0.93621753
TCGA.D8.A1XD.01,0.03301266,0.95136325,0.44713487,0.93770962
TCGA.D8.A1XF.01,0.03497867,0.94034954,0.57770922,0.94168947
TCGA.D8.A1XG.01,0.03319608,0.93273005,0.06761887,0.95982308
TCGA.D8.A1XJ.01,0.02915773,0.89635422,0.09544448,0.93951845
TCGA.D8.A1XK.01,0.02259809,0.90463124,0.0436294,0.12848461
TCGA.D8.A1XL.01,0.02901476,0.93006196,0.07273708,0.89089392
TCGA.D8.A1XM.01,0.02240089,0.92494452,0.32595179,0.86433945
TCGA.D8.A1XO.01,0.02799283,0.91144281,0.07230237,0.90936342
TCGA.D8.A1XQ.01,0.0295744,0.92227661,0.03544999,0.90995304
TCGA.D8.A1XR.01,0.02762636,0.89034666,0.02837854,0.93679466
TCGA.D8.A1XS.01,0.02279051,0.93606669,0.04452649,0.88157254
TCGA.D8.A1XT.01,0.02900851,0.92876418,0.04640219,0.86173371
TCGA.D8.A1XU.01,0.02548269,0.92178063,0.0466258,0.87671671
TCGA.D8.A1XV.01,0.02177169,0.91652712,0.03718898,0.94388819
TCGA.D8.A1XW.01,0.03126752,0.91736633,0.03458151,0.38064302
TCGA.D8.A1XY.01,0.02753305,0.92397615,0.02409239,0.91560036
TCGA.D8.A1XZ.01,0.02797866,0.89896912,0.03986665,0.91843577
TCGA.D8.A1Y0.01,0.0266647,0.91745528,0.08071125,0.88871229
TCGA.D8.A1Y1.01,0.03153553,0.91173765,0.03070731,0.88426093
TCGA.D8.A1Y2.01,0.0283038,0.91542712,0.03376378,0.81069983
TCGA.D8.A1Y3.01,0.12930583,0.95335745,0.19616761,0.91192806
TCGA.D8.A27E.01,0.04539939,0.92130978,0.03579506,0.89560304
TCGA.D8.A27F.01,0.02961028,0.92820435,0.037912,0.36332414
TCGA.D8.A27G.01,0.04424677,0.91484957,0.3793384,0.91464318
TCGA.D8.A27H.01,0.02758702,0.92531553,0.02957612,0.65651619
TCGA.D8.A27I.01,0.02361515,0.94329617,0.06364156,0.92732392
TCGA.D8.A27K.01,0.03930478,0.92946888,0.0409859,0.90478431
TCGA.D8.A27L.01,0.02837875,0.92863527,0.04553079,0.88904422
TCGA.D8.A27M.01,0.03023184,0.93527162,0.03204812,0.65592241
TCGA.D8.A27N.01,0.03650564,0.93060913,0.03207141,0.85353416
TCGA.D8.A27P.01,0.02821954,0.93273,0.07439631,0.94731584
TCGA.D8.A27R.01,0.0339113,0.92043913,0.03569087,0.93968929
TCGA.D8.A27T.01,0.03710881,0.92803943,0.04321115,0.93708779
TCGA.D8.A27V.01,0.05721995,0.92219175,0.06866539,0.93594986
TCGA.D8.A27W.01,0.04485679,0.9363716,0.08513718,0.93313149
TCGA.D8.A3Z5.01,0.02770643,0.93172634,0.10127891,0.9237806
TCGA.D8.A3Z6.01,0.02973213,0.93558403,0.03957905,0.93106639
TCGA.D8.A4Z1.01,0.03272813,0.92572064,0.15840932,0.92334919
TCGA.D8.A73U.01,0.02419868,0.90161577,0.04277698,0.83124179
TCGA.D8.A73W.01,0.03204006,0.94278008,0.03115605,0.91489136
TCGA.D8.A73X.01,0.02207703,0.91271378,0.07955041,0.89422253
TCGA.E2.A105.01,0.04351141,0.93770097,0.35003882,0.93921749
TCGA.E2.A107.01,0.03799329,0.9284727,0.31939595,0.95210131
TCGA.E2.A108.01,0.03237267,0.92888862,0.04124211,0.85687688
TCGA.E2.A109.01,0.03301194,0.93330052,0.06182913,0.94349686
TCGA.E2.A10A.01,0.01815843,0.9274034,0.05844536,0.93694733
TCGA.E2.A10B.01,0.03799724,0.89231611,0.03398805,0.92392105
TCGA.E2.A10C.01,0.033421,0.89124197,0.211785,0.9255435
TCGA.E2.A10E.01,0.0277786,0.91590179,0.05044863,0.93793382
TCGA.E2.A10F.01,0.03619741,0.92609557,0.03794717,0.9125594
TCGA.E2.A14N.01,0.03421428,0.90919956,0.04517651,0.86053637
TCGA.E2.A14O.01,0.02231555,0.94042545,0.06168647,0.90550114
TCGA.E2.A14P.01,0.02842961,0.91704521,0.12751439,0.46590131
TCGA.E2.A14Q.01,0.02316828,0.89119121,0.07461234,0.86357418
TCGA.E2.A14R.01,0.02827156,0.90134341,0.04649609,0.14320974
TCGA.E2.A14S.01,0.02264894,0.9107701,0.04966694,0.92776002
TCGA.E2.A14T.01,0.0642346,0.9130028,0.03070125,0.93758639
TCGA.E2.A14U.01,0.02903554,0.93364686,0.11447626,0.9054885
TCGA.E2.A14V.01,0.01994408,0.89643186,0.06221734,0.92367172
TCGA.E2.A14W.01,0.02041342,0.93269209,0.0346606,0.86558746
TCGA.E2.A14X.01,0.02130303,0.8936364,0.03518471,0.91366735
TCGA.E2.A14Y.01,0.0212674,0.84309208,0.10120775,0.72087356
TCGA.E2.A14Z.01,0.03281851,0.90198341,0.03730745,0.7901067
TCGA.E2.A150.01,0.0272573,0.89667829,0.04712662,0.40991501
TCGA.E2.A152.01,0.01805505,0.89213158,0.08070497,0.81998887
TCGA.E2.A153.01,0.02428954,0.90395956,0.05553674,0.85133982
TCGA.E2.A154.01,0.02435266,0.91313241,0.05040617,0.94663918
TCGA.E2.A155.01,0.02397564,0.8932881,0.04961186,0.96204988
TCGA.E2.A156.01,0.01823448,0.90479653,0.05280533,0.94124525
TCGA.E2.A158.01,0.01591528,0.8970283,0.03506004,0.14044089
TCGA.E2.A159.01,0.0474674,0.90407489,0.04938859,0.64264807
TCGA.E2.A15A.01,0.02917443,0.93371799,0.04653669,0.87366096
TCGA.E2.A15C.01,0.02411136,0.9074416,0.08813311,0.93169828
TCGA.E2.A15D.01,0.03045442,0.89894786,0.02655264,0.95062512
TCGA.E2.A15E.01,0.02547471,0.91054513,0.0855862,0.92780877
TCGA.E2.A15F.01,0.03540003,0.92619015,0.0518573,0.91211726
TCGA.E2.A15G.01,0.02517919,0.90288803,0.08497371,0.93606124
TCGA.E2.A15H.01,0.02121388,0.89333442,0.0518612,0.90357071
TCGA.E2.A15I.01,0.02681686,0.93570686,0.04581948,0.82514627
TCGA.E2.A15J.01,0.03074603,0.9322852,0.04110558,0.9501575
TCGA.E2.A15K.01,0.02490985,0.92495558,0.04530825,0.92330522
TCGA.E2.A15L.01,0.02152546,0.92585018,0.08205674,0.94971194
TCGA.E2.A15M.01,0.02345345,0.91001311,0.03825506,0.87345007
TCGA.E2.A15O.01,0.01839789,0.92646269,0.04709399,0.9488473
TCGA.E2.A15P.01,0.02923766,0.88779381,0.04778105,0.91549455
TCGA.E2.A15R.01,0.02074001,0.9048937,0.70578353,0.92827022
TCGA.E2.A15S.01,0.03221779,0.91063302,0.20503436,0.95689417
TCGA.E2.A15T.01,0.02691376,0.94613457,0.04265633,0.94882621
TCGA.E2.A1AZ.01,0.03119109,0.9336577,0.03247147,0.55735554
TCGA.E2.A1B0.01,0.0268907,0.93319979,0.03216571,0.87914943
TCGA.E2.A1B1.01,0.03222552,0.92891599,0.06837621,0.89903982
TCGA.E2.A1B4.01,0.03579255,0.93468089,0.06610364,0.95390743
TCGA.E2.A1B5.01,0.027821,0.89125475,0.03842333,0.84070744
TCGA.E2.A1B6.01,0.03466838,0.91533816,0.03242601,0.77545518
TCGA.E2.A1BC.01,0.02876378,0.9086451,0.05690359,0.93099574
TCGA.E2.A1BD.01,0.03586408,0.92467394,0.03223251,0.94848198
TCGA.E2.A1IE.01,0.02453805,0.92148245,0.06921264,0.94720187
TCGA.E2.A1IF.01,0.03172363,0.93329849,0.05758947,0.87561502
TCGA.E2.A1IG.01,0.02669125,0.94006407,0.07707728,0.92018773
TCGA.E2.A1IH.01,0.03184157,0.9234873,0.05977219,0.86663512
TCGA.E2.A1II.01,0.02962374,0.89065242,0.03608778,0.81251924
TCGA.E2.A1IJ.01,0.02734589,0.9408141,0.04954072,0.81999589
TCGA.E2.A1IK.01,0.02170171,0.94265114,0.03538421,0.89275735
TCGA.E2.A1IL.01,0.03696041,0.94328205,0.06261909,0.95541627
TCGA.E2.A1IN.01,0.02793065,0.87946966,0.04276529,0.91969504
TCGA.E2.A1IO.01,0.02636918,0.93853596,0.06076073,0.89325068
TCGA.E2.A1IU.01,0.0215052,0.93372247,0.08321268,0.90337447
TCGA.E2.A1L6.01,0.02002106,0.83436633,0.09486687,0.87020712
TCGA.E2.A1L7.01,0.02682116,0.74449522,0.17274411,0.91273672
TCGA.E2.A1L8.01,0.04405147,0.92748015,0.04549851,0.82975566
TCGA.E2.A1L9.01,0.02594983,0.9241814,0.05248345,0.88215067
TCGA.E2.A1LA.01,0.02532851,0.91429624,0.03374628,0.83376809
TCGA.E2.A1LB.01,0.02552732,0.89536729,0.08610085,0.90475018
TCGA.E2.A1LE.01,0.03078226,0.9281858,0.04823764,0.8731579
TCGA.E2.A1LG.01,0.02788463,0.88702539,0.04090344,0.31103684
TCGA.E2.A1LH.01,0.02895572,0.92361661,0.04865102,0.65748817
TCGA.E2.A1LI.01,0.05259283,0.92818578,0.04042494,0.71520963
TCGA.E2.A1LK.01,0.02399287,0.93402674,0.02757648,0.67697983
TCGA.E2.A1LL.01,0.03059526,0.95255797,0.12401324,0.87315583
TCGA.E2.A1LS.01,0.09524913,0.90105373,0.15420491,0.1968537
TCGA.E2.A2P5.01,0.03006584,0.91080082,0.11506258,0.89669535
TCGA.E2.A2P6.01,0.03206529,0.93948205,0.03577156,0.9343766
TCGA.E2.A3DX.01,0.03185516,0.91665943,0.08212642,0.84209549
TCGA.E2.A56Z.01,0.03317119,0.92804328,0.07736863,0.95431364
TCGA.E2.A570.01,0.02361175,0.9012075,0.05523634,0.91223546
TCGA.E2.A573.01,0.02821982,0.93271258,0.04045227,0.71301017
TCGA.E2.A574.01,0.02611935,0.93937216,0.04824543,0.73081485
TCGA.E2.A576.01,0.02243442,0.90170636,0.10989753,0.92114943
TCGA.E2.A9RU.01,0.05224092,0.82733497,0.10523659,0.94157976
TCGA.E9.A1N3.01,0.111308,0.9365108,0.1157276,0.9256648
TCGA.E9.A1N4.01,0.02097886,0.90704348,0.04550573,0.86404381
TCGA.E9.A1N5.01,0.03574581,0.9280441,0.1613255,0.88707323
TCGA.E9.A1N6.01,0.02485949,0.91661741,0.05522314,0.87104555
TCGA.E9.A1N8.01,0.03564062,0.91429758,0.03153416,0.19042624
TCGA.E9.A1N9.01,0.03139106,0.93528977,0.11334829,0.92733926
TCGA.E9.A1NA.01,0.02727312,0.93739177,0.05843686,0.83486477
TCGA.E9.A1NC.01,0.04989583,0.92055323,0.0365048,0.85471189
TCGA.E9.A1ND.01,0.02756122,0.93569,0.05485709,0.79821954
TCGA.E9.A1NE.01,0.02092452,0.91755238,0.19792649,0.81701174
TCGA.E9.A1NF.01,0.02853518,0.92147743,0.05740571,0.87635947
TCGA.E9.A1NG.01,0.02582071,0.89708216,0.037047,0.77385451
TCGA.E9.A1NH.01,0.03239069,0.93618218,0.06455884,0.92794356
TCGA.E9.A1NI.01,0.04805084,0.93478194,0.03369482,0.93136336
TCGA.E9.A1QZ.01,0.03450087,0.9295843,0.04710968,0.88126067
TCGA.E9.A1R0.01,0.0373458,0.93361434,0.03278305,0.90127493
TCGA.E9.A1R2.01,0.03376229,0.94780057,0.12330442,0.87809051
TCGA.E9.A1R3.01,0.02650069,0.92860926,0.04237339,0.88108251
TCGA.E9.A1R4.01,0.02443534,0.92990209,0.02692423,0.82815191
TCGA.E9.A1R5.01,0.02459793,0.92561852,0.03875522,0.94540814
TCGA.E9.A1R6.01,0.03351552,0.92026576,0.04322127,0.92851194
TCGA.E9.A1R7.01,0.02486153,0.95126745,0.05518301,0.91776404
TCGA.E9.A1RA.01,0.02601329,0.91395231,0.04737126,0.84717497
TCGA.E9.A1RB.01,0.04067017,0.92399293,0.07733282,0.8304178
TCGA.E9.A1RC.01,0.1059553,0.9147019,0.1713346,0.9347285
TCGA.E9.A1RD.01,0.10280977,0.94061002,0.14930059,0.91547825
TCGA.E9.A1RE.01,0.03342293,0.91943183,0.05593163,0.94427431
TCGA.E9.A1RF.01,0.11838681,0.91420496,0.17970493,0.88880988
TCGA.E9.A1RG.01,0.02939521,0.93506776,0.03144065,0.93901106
TCGA.E9.A1RH.01,0.03455346,0.93495239,0.53960458,0.92852793
TCGA.E9.A1RI.01,0.02880195,0.95728133,0.07667638,0.89250543
TCGA.E9.A226.01,0.1417567,0.90463418,0.18826112,0.92862162
TCGA.E9.A227.01,0.02578854,0.89568682,0.04254823,0.84377372
TCGA.E9.A228.01,0.1160898,0.9459158,0.1451058,0.8929053
TCGA.E9.A229.01,0.02873861,0.9202582,0.06407154,0.88380594
TCGA.E9.A22A.01,0.09879589,0.94125633,0.27299493,0.83208584
TCGA.E9.A22B.01,0.1112775,0.925386,0.4227223,0.9047419
TCGA.E9.A22D.01,0.10519575,0.92181054,0.20232095,0.838377
TCGA.E9.A22E.01,0.12671782,0.89749364,0.13859078,0.78808045
TCGA.E9.A22G.01,0.09941671,0.8248994,0.09283035,0.27201272
TCGA.E9.A22H.01,0.03529895,0.91362,0.04136591,0.88998172
TCGA.E9.A243.01,0.02884821,0.91237945,0.03476188,0.63462025
TCGA.E9.A244.01,0.03477447,0.92694912,0.02872723,0.48239793
TCGA.E9.A245.01,0.03227454,0.93706915,0.03931646,0.9258046
TCGA.E9.A247.01,0.02861729,0.941241,0.04550797,0.94544217
TCGA.E9.A248.01,0.03933642,0.94474302,0.08450409,0.78229125
TCGA.E9.A249.01,0.03876895,0.94499533,0.03338664,0.91575264
TCGA.E9.A24A.01,0.03110572,0.9486727,0.03227424,0.80788552
TCGA.E9.A295.01,0.0311396,0.93152968,0.03609797,0.94871293
TCGA.E9.A2JS.01,0.02838272,0.95494318,0.11072504,0.91988754
TCGA.E9.A2JT.01,0.04735929,0.94412777,0.04747068,0.81267969
TCGA.E9.A3HO.01,0.04310812,0.89753281,0.10903023,0.91481865
TCGA.E9.A3Q9.01,0.0307826,0.92360373,0.03450064,0.86522072
TCGA.E9.A3QA.01,0.0267583,0.92709086,0.04040339,0.67696487
TCGA.E9.A3X8.01,0.0345202,0.93121196,0.04461198,0.8910855
TCGA.E9.A54X.01,0.0457398,0.89615907,0.05617127,0.94569634
TCGA.E9.A54Y.01,0.03102881,0.92089373,0.09752238,0.93751884
TCGA.E9.A5UO.01,0.03027837,0.93912593,0.03512592,0.93663423
TCGA.E9.A5UP.01,0.02743705,0.92764867,0.03152074,0.92778371
TCGA.E9.A6HE.01,0.02935305,0.88743542,0.07238444,0.8861414
TCGA.EW.A1IW.01,0.02202666,0.92642314,0.16227371,0.87884003
TCGA.EW.A1IX.01,0.02375593,0.92796856,0.10817064,0.84927991
TCGA.EW.A1IY.01,0.02271097,0.91310479,0.04409251,0.86187601
TCGA.EW.A1IZ.01,0.02617487,0.94296637,0.06049873,0.79512108
TCGA.EW.A1J1.01,0.02487236,0.90158488,0.0344059,0.89853635
TCGA.EW.A1J2.01,0.03049741,0.9387577,0.08877762,0.88639381
TCGA.EW.A1J3.01,0.02460519,0.93433211,0.05693983,0.92277668
TCGA.EW.A1J5.01,0.02714795,0.93896681,0.18730075,0.88566879
TCGA.EW.A1J6.01,0.02421354,0.93658952,0.03978566,0.88671142
TCGA.EW.A1OV.01,0.02353611,0.93868554,0.07663556,0.86895381
TCGA.EW.A1OW.01,0.02281584,0.94461759,0.03922586,0.92027117
TCGA.EW.A1OX.01,0.02276089,0.91013361,0.03992577,0.95489519
TCGA.EW.A1OY.01,0.034878,0.93779007,0.03905422,0.92025546
TCGA.EW.A1OZ.01,0.04054827,0.93688549,0.18572415,0.89677115
TCGA.EW.A1P0.01,0.02702124,0.92976917,0.02831304,0.91731919
TCGA.EW.A1P1.01,0.03362383,0.94390583,0.09304448,0.89388138
TCGA.EW.A1P3.01,0.02677381,0.94016827,0.06074698,0.87086209
TCGA.EW.A1P4.01,0.0232063,0.87477156,0.03522627,0.47691645
TCGA.EW.A1P5.01,0.03120134,0.93152893,0.06233684,0.85773574
TCGA.EW.A1P6.01,0.02371083,0.91099713,0.04264345,0.90207304
TCGA.EW.A1P7.01,0.02392927,0.92275371,0.02802248,0.8176547
TCGA.EW.A1P8.01,0.03101081,0.91670743,0.04794292,0.33859535
TCGA.EW.A1PA.01,0.02965941,0.92892744,0.47924648,0.90069996
TCGA.EW.A1PB.01,0.03581684,0.91762179,0.0302002,0.36888795
TCGA.EW.A1PC.01,0.03050836,0.93793643,0.05166234,0.9164635
TCGA.EW.A1PD.01,0.02982013,0.92965417,0.04309348,0.90803808
TCGA.EW.A1PE.01,0.0301726,0.93898665,0.04298614,0.87922855
TCGA.EW.A1PF.01,0.02308099,0.93370087,0.05492529,0.85932884
TCGA.EW.A1PG.01,0.03803706,0.94975427,0.11353748,0.8719134
TCGA.EW.A1PH.01,0.02474924,0.92076761,0.03046967,0.625636
TCGA.EW.A2FR.01,0.02941475,0.93087202,0.07591855,0.80227764
TCGA.EW.A2FS.01,0.02437246,0.94348216,0.06613303,0.91958488
TCGA.EW.A2FV.01,0.02840679,0.93895697,0.05953917,0.89878377
TCGA.EW.A2FW.01,0.03236607,0.93622556,0.04708243,0.95344429
TCGA.EW.A3E8.01,0.02403928,0.94286382,0.22731222,0.87020488
TCGA.EW.A3U0.01,0.02791277,0.92925144,0.02452963,0.70873404
TCGA.EW.A423.01,0.02831583,0.94185044,0.04471476,0.89552058
TCGA.EW.A424.01,0.02910176,0.92054804,0.09026903,0.93290067
TCGA.EW.A6S9.01,0.03064537,0.90411095,0.05042393,0.90695072
TCGA.EW.A6SA.01,0.03769771,0.87369088,0.04454929,0.92523658
TCGA.EW.A6SB.01,0.03047658,0.90724506,0.03567072,0.64080622
TCGA.EW.A6SC.01,0.02941099,0.88901878,0.26060352,0.93070385
TCGA.EW.A6SD.01,0.0269114,0.86980654,0.06423454,0.32196064
TCGA.GI.A2C8.01,0.04237585,0.93408541,0.03447671,0.84460949
TCGA.GI.A2C9.01,0.04694108,0.9251779,0.03251122,0.82441069
TCGA.GM.A2D9.01,0.02916364,0.94403605,0.09388845,0.90619533
TCGA.GM.A2DA.01,0.03670558,0.91760541,0.07020685,0.87488595
TCGA.GM.A2DB.01,0.04488288,0.93253704,0.04148378,0.91089993
TCGA.GM.A2DC.01,0.02922852,0.95989758,0.03540648,0.9226558
TCGA.GM.A2DD.01,0.02981378,0.92539577,0.06105987,0.88298032
TCGA.GM.A2DF.01,0.03559388,0.94014293,0.2395491,0.86017958
TCGA.GM.A2DH.01,0.03649749,0.94173443,0.08679435,0.82977842
TCGA.GM.A2DI.01,0.03927173,0.94301237,0.05468427,0.83109673
TCGA.GM.A2DK.01,0.03587636,0.94645018,0.05122484,0.86003592
TCGA.GM.A2DL.01,0.03818108,0.9293109,0.04377429,0.90810252
TCGA.GM.A2DM.01,0.02863822,0.94823398,0.02462163,0.69186536
TCGA.GM.A2DN.01,0.03229583,0.94413171,0.06053002,0.89257864
TCGA.GM.A2DO.01,0.02917065,0.93791717,0.30269624,0.8758743
TCGA.GM.A3NW.01,0.02655416,0.92409968,0.4392316,0.91967523
TCGA.GM.A3NY.01,0.02602343,0.93162316,0.06403413,0.9101324
TCGA.GM.A3XG.01,0.02969074,0.94013816,0.15036021,0.89178523
TCGA.GM.A3XL.01,0.02395273,0.91051533,0.09156017,0.72739068
TCGA.GM.A3XN.01,0.03098171,0.91756611,0.05713003,0.84885111
TCGA.GM.A4E0.01,0.03579641,0.90393069,0.05271994,0.85618975
TCGA.GM.A5PV.01,0.02264857,0.94093613,0.06801385,0.93832564
TCGA.GM.A5PX.01,0.0288446,0.92116107,0.06717549,0.91495548
TCGA.HN.A2NL.01,0.03475552,0.92396145,0.08314135,0.88476215
TCGA.JL.A3YW.01,0.03796151,0.91561134,0.1107611,0.88054361
TCGA.JL.A3YX.01,0.02874903,0.94215672,0.04522541,0.94205536
TCGA.LD.A66U.01,0.02634543,0.87843198,0.15821308,0.89545662
TCGA.LD.A74U.01,0.02946401,0.87648462,0.06530808,0.87033782
TCGA.LD.A7W5.01,0.0360906,0.92965865,0.173758,0.88733365
TCGA.LD.A7W6.01,0.02912107,0.92828127,0.25260333,0.93834752
TCGA.LD.A9QF.01,0.03341821,0.88663515,0.04268846,0.74874966
TCGA.LL.A440.01,0.02876612,0.93902866,0.06798298,0.80943398
TCGA.LL.A441.01,0.02383005,0.93192202,0.07709916,0.71609106
TCGA.LL.A442.01,0.02739228,0.93706525,0.03786842,0.89685462
TCGA.LL.A50Y.01,0.0446523,0.92338728,0.16429019,0.90831402
TCGA.LL.A5YL.01,0.02758242,0.92129802,0.06226815,0.90734632
TCGA.LL.A5YM.01,0.03741659,0.9333267,0.21536478,0.92014991
TCGA.LL.A5YN.01,0.02645323,0.90029101,0.02724631,0.87348749
TCGA.LL.A5YO.01,0.02309737,0.92264629,0.07377956,0.85842981
TCGA.LL.A5YP.01,0.03125142,0.92782963,0.06064111,0.51697533
TCGA.LL.A6FP.01,0.0216743,0.89269149,0.03113649,0.94339098
TCGA.LL.A6FQ.01,0.03061787,0.86497834,0.04565313,0.92659715
TCGA.LL.A6FR.01,0.02467942,0.89927873,0.0253575,0.56745769
TCGA.LL.A73Y.01,0.03016902,0.89694871,0.04592423,0.47553176
TCGA.LL.A73Z.01,0.04434818,0.86820839,0.11016382,0.88943369
TCGA.LL.A740.01,0.03069669,0.88392111,0.0417203,0.92288799
TCGA.LL.A7SZ.01,0.02441329,0.91019442,0.02903476,0.93431137
TCGA.LL.A7T0.01,0.03313219,0.92235818,0.05679266,0.93712636
TCGA.LL.A8F5.01,0.02666525,0.92170555,0.03439542,0.80550485
TCGA.LL.A9Q3.01,0.03762955,0.87514168,0.09629045,0.92007546
TCGA.LQ.A4E4.01,0.02858579,0.93251496,0.22732286,0.92812751
TCGA.MS.A51U.01,0.03221622,0.89652195,0.08248538,0.92696579
TCGA.OL.A5RU.01,0.03006647,0.8990726,0.04599758,0.91846872
TCGA.OL.A5RV.01,0.02886068,0.91782182,0.11879067,0.90461369
TCGA.OL.A5RW.01,0.02581493,0.90435394,0.04156063,0.9174424
TCGA.OL.A5RX.01,0.03438375,0.91100661,0.08779295,0.91565992
TCGA.OL.A5RY.01,0.03263104,0.92183913,0.06933376,0.85332384
TCGA.OL.A5RZ.01,0.03103453,0.88653225,0.0539984,0.93572237
TCGA.OL.A5S0.01,0.03866554,0.92449545,0.03371779,0.5173369
TCGA.OL.A66H.01,0.02550051,0.93208385,0.03331877,0.89198122
TCGA.OL.A66I.01,0.02424523,0.9203225,0.02424235,0.74323303
TCGA.OL.A66J.01,0.02358749,0.93421109,0.40628111,0.88816605
TCGA.OL.A66K.01,0.0370041,0.81051976,0.03396452,0.94385945
TCGA.OL.A66L.01,0.02638301,0.91444079,0.04839684,0.91525476
TCGA.OL.A66N.01,0.03494324,0.88464401,0.03988445,0.90701033
TCGA.OL.A66O.01,0.02521129,0.89143897,0.50468228,0.9386885
TCGA.OL.A66P.01,0.02560052,0.87749244,0.04090113,0.78368624
TCGA.OL.A6VO.01,0.04732114,0.91988826,0.06266977,0.89695496
TCGA.OL.A6VQ.01,0.0342653,0.82576863,0.05533222,0.94201233
TCGA.OL.A6VR.01,0.03331389,0.86188731,0.05654686,0.91607914
TCGA.OL.A97C.01,0.02852842,0.8886649,0.04321835,0.821344
TCGA.PL.A8LV.01,0.02624947,0.93950583,0.03692206,0.91647496
TCGA.PL.A8LX.01,0.02187291,0.93557936,0.02372931,0.82602085
TCGA.PL.A8LY.01,0.0255555,0.9315327,0.08435021,0.81421617
TCGA.PL.A8LZ.01,0.02809789,0.8866665,0.03783083,0.74236534
TCGA.S3.A6ZF.01,0.02331893,0.87817194,0.02698879,0.90960121
TCGA.S3.A6ZG.01,0.04357303,0.89556844,0.14364292,0.95255637
TCGA.S3.A6ZH.01,0.02584195,0.87764327,0.19614806,0.93179705
TCGA.S3.AA0Z.01,0.03469332,0.8669973,0.04178888,0.2545127
TCGA.S3.AA10.01,0.04115391,0.9143574,0.05142531,0.87606456
TCGA.S3.AA11.01,0.0324388,0.90650568,0.64505893,0.94961596
TCGA.S3.AA12.01,0.02428103,0.93693215,0.8135748,0.96479293
TCGA.S3.AA14.01,0.04060632,0.87217286,0.09130034,0.9508729
TCGA.S3.AA15.01,0.03969035,0.88978592,0.03491509,0.88122422
TCGA.S3.AA17.01,0.02709526,0.93127019,0.02494939,0.84679893
TCGA.UL.AAZ6.01,0.04051869,0.84445298,0.04215205,0.96258881
TCGA.UU.A93S.01,0.03441323,0.83924088,0.03058763,0.93753577
TCGA.V7.A7HQ.01,0.02081763,0.9157471,0.08915047,0.91320998
TCGA.W8.A86G.01,0.03078261,0.89502928,0.11483382,0.9285656
TCGA.WT.AB41.01,0.05069987,0.88911274,0.05637933,0.93230905
TCGA.WT.AB44.01,0.03282928,0.8500713,0.12902335,0.94492539
TCGA.XX.A899.01,0.0292571,0.89621637,0.05583372,0.85658846
TCGA.XX.A89A.01,0.03202923,0.89782218,0.02398928,0.86998251
TCGA.Z7.A8R5.01,0.04460503,0.90229641,0.10133085,0.90846112
TCGA.Z7.A8R6.01,0.02180876,0.91205698,0.07909415,0.90234647
